date,close,volume,open,high,low
04/12/2017,11.23,56548080,11.27,11.295,11.2
04/13/2017,11.11,32709870,11.22,11.25,11.11
04/17/2017,11.28,44137190,11.22,11.3,11.14
04/18/2017,11.14,35649430,11.15,11.18,11.08
04/19/2017,11.19,37511510,11.19,11.28,11.17
04/20/2017,11.47,49977580,11.25,11.5,11.24
04/21/2017,11.34,26014500,11.46,11.48,11.32
04/24/2017,11.43,37983850,11.48,11.5,11.36
04/25/2017,11.48,35855450,11.47,11.5,11.43
04/26/2017,11.6,51676250,11.47,11.7,11.45
04/27/2017,11.47,50133620,11.66,11.68,11.34
04/28/2017,11.47,41412480,11.51,11.51,11.4
05/01/2017,11.42,32109290,11.49,11.54,11.4
05/02/2017,10.92,94400180,11.3,11.37,10.9
05/03/2017,11.07,57273320,10.92,11.09,10.91
05/04/2017,11,34552240,11.09,11.11,10.96
05/05/2017,11.14,28853280,11.01,11.16,10.98
05/08/2017,11.13,35445840,11.18,11.24,11.09
05/09/2017,11.16,44132230,11.14,11.255,11.1
05/10/2017,11.04,34978210,11.16,11.2,11.03
05/11/2017,11.01,29233230,11.04,11.07,10.97
05/12/2017,10.92,34257390,11,11.03,10.9
05/15/2017,10.94,27303480,10.96,11.03,10.92
05/16/2017,10.94,42091480,11.06,11.07,10.9
05/17/2017,10.76,54630160,10.88,10.95,10.67
05/18/2017,10.79,37845810,10.73,10.82,10.7
05/19/2017,10.87,32358860,10.81,10.94,10.79
05/22/2017,11.1,73197740,11.11,11.13,10.98
05/23/2017,11.05,40802880,11.16,11.165,10.97
05/24/2017,10.96,46686840,11.06,11.06,10.87
05/25/2017,10.86,46214250,10.96,10.97,10.76
05/26/2017,10.93,28163580,10.85,10.945,10.81
05/30/2017,11.08,36035310,11,11.12,10.99
05/31/2017,11.12,36448870,11.12,11.13,11
06/01/2017,11.41,76684650,11.25,11.54,11.1
06/02/2017,11.35,45919400,11.42,11.43,11.24
06/05/2017,11.25,42495830,11.36,11.36,11.225
06/06/2017,11.12,44538510,11.19,11.2,11.05
06/07/2017,11.07,37341980,11.16,11.19,11.02
06/08/2017,11.1,40688970,10.94,11.1,10.91
06/09/2017,11.13,30273280,11.09,11.15,11.01
06/12/2017,11.28,38471080,11.13,11.36,11.13
06/13/2017,11.27,29887170,11.315,11.35,11.15
06/14/2017,11.22,44359600,11.28,11.29,11.06
06/15/2017,11.24,28426060,11.15,11.29,11.14
06/16/2017,11.22,51459360,11.24,11.24,11.07
06/19/2017,11.24,30510950,11.2,11.28,11.18
06/20/2017,11.12,31860540,11.21,11.22,11.09
06/21/2017,11.04,36991430,11.15,11.15,11
06/22/2017,11.13,26966120,11.02,11.18,11
06/23/2017,11.04,45188680,11.1,11.13,11
06/26/2017,11.18,31312600,11.06,11.2,11.055
06/27/2017,11.08,28475040,11.17,11.2,11.06
06/28/2017,11.09,31813810,11.11,11.17,11.07
06/29/2017,11.17,32913660,11.13,11.2,11.07
06/30/2017,11.19,41068960,11.18,11.28,11.16
07/03/2017,11.56,43949590,11.36,11.685,11.25
07/05/2017,11.3,39399520,11.51,11.56,11.26
07/06/2017,11.18,31932980,11.29,11.36,11.17
07/07/2017,11.26,20521260,11.21,11.28,11.16
07/10/2017,11.34,18869010,11.24,11.35,11.23
07/11/2017,11.38,25909030,11.31,11.43,11.3
07/12/2017,11.47,33084480,11.41,11.62,11.4
07/13/2017,11.6,33635130,11.46,11.69,11.45
07/14/2017,11.68,39790700,11.645,11.73,11.6
07/17/2017,11.74,24381940,11.71,11.75,11.65
07/18/2017,11.75,24622830,11.72,11.75,11.67
07/19/2017,11.83,26207730,11.76,11.83,11.74
07/20/2017,11.7,29913330,11.69,11.78,11.66
07/21/2017,11.53,27623560,11.59,11.62,11.46
07/24/2017,11.29,48097900,11.51,11.55,11.27
07/25/2017,11.27,52793530,11.3,11.375,11.22
07/26/2017,11.06,72186770,11.14,11.16,10.95
07/27/2017,11.18,37982170,11.08,11.2,11.03
07/28/2017,11.17,24531000,11.15,11.22,11.06
07/31/2017,11.22,39537500,11.16,11.23,11.125
08/01/2017,10.95,65067100,11.11,11.15,10.87
08/02/2017,11,30864360,10.98,11.025,10.93
08/03/2017,10.93,20298210,11.01,11.05,10.92
08/04/2017,10.95,29258640,10.9,10.99,10.78
08/07/2017,10.92,35010930,10.94,10.98,10.9
08/08/2017,10.89,26086100,10.95,11,10.88
08/09/2017,10.92,32137100,10.88,10.95,10.83
08/10/2017,10.77,31861210,10.88,10.91,10.77
08/11/2017,10.77,32297050,10.79,10.84,10.76
08/14/2017,10.91,26393050,10.82,10.95,10.79
08/15/2017,10.84,29219730,10.92,11,10.835
08/16/2017,10.8,28284200,10.86,10.9,10.78
08/17/2017,10.64,35244490,10.79,10.8,10.6
08/18/2017,10.56,43987170,10.62,10.63,10.47
08/21/2017,10.57,30110430,10.53,10.655,10.52
08/22/2017,10.65,28614200,10.61,10.73,10.61
08/23/2017,10.71,35397200,10.61,10.78,10.59
08/24/2017,10.71,33553070,10.75,10.8,10.69
08/25/2017,10.82,35784530,10.77,10.88,10.76
08/28/2017,10.79,22233820,10.86,10.88,10.73
08/29/2017,10.84,29769490,10.75,10.89,10.73
08/30/2017,10.94,23527450,10.82,10.94,10.77
08/31/2017,11.03,54073940,10.97,11.2,10.95
09/01/2017,11.35,64383950,11.18,11.43,11.14
09/05/2017,11.36,44137930,11.36,11.39,11.24
09/06/2017,11.5,43267990,11.39,11.53,11.389
09/07/2017,11.4,30260630,11.52,11.52,11.33
09/08/2017,11.36,26561350,11.34,11.39,11.29
09/11/2017,11.41,43312800,11.4,11.45,11.38
09/12/2017,11.59,41324190,11.43,11.67,11.39
09/13/2017,11.62,23185840,11.6,11.63,11.52
09/14/2017,11.56,31616610,11.6,11.68,11.48
09/15/2017,11.62,30400610,11.54,11.63,11.49
09/18/2017,11.63,24903320,11.63,11.73,11.595
09/19/2017,11.72,26315680,11.63,11.74,11.62
09/20/2017,11.71,26234940,11.68,11.795,11.635
09/21/2017,11.72,40262740,11.71,11.82,11.69
09/22/2017,11.84,30193330,11.74,11.87,11.72
09/25/2017,11.94,40762930,11.88,12.06,11.84
09/26/2017,11.93,30627220,11.95,12,11.9
09/27/2017,11.95,27811530,11.98,12.02,11.86
09/28/2017,11.96,22665140,11.95,11.99,11.9
09/29/2017,11.97,31175580,11.97,12.02,11.92
10/02/2017,12.09,35996000,12,12.09,11.97
10/03/2017,12.34,65603080,12.32,12.43,12.22
10/04/2017,12.3,52849720,12.33,12.46,12.28
10/05/2017,12.25,48135740,12.34,12.36,12.15
10/06/2017,12.31,35021100,12.2,12.33,12.1925
10/09/2017,12.34,28921420,12.33,12.41,12.25
10/10/2017,12.39,40580350,12.34,12.42,12.25
10/11/2017,12.38,34723730,12.38,12.43,12.31
10/12/2017,12.12,46120360,12.3,12.32,12.11
10/13/2017,12.05,44569070,12.06,12.17,11.87
10/16/2017,12.12,32344380,11.99,12.15,11.96
10/17/2017,12.27,55210520,12.13,12.31,12.12
10/18/2017,12.19,30695500,12.28,12.35,12.17
10/19/2017,12.23,29641850,12.14,12.25,12.05
10/20/2017,12.1,28166170,12.12,12.14,12
10/23/2017,12.04,21479060,12.11,12.19,12.04
10/24/2017,12.19,34124010,12.11,12.26,12.0909
10/25/2017,12.04,47638020,12.15,12.15,11.97
10/26/2017,12.27,48940260,12.2,12.34,12.06
10/27/2017,12.06,33904990,12.23,12.24,12.0101
10/30/2017,12.1,36399390,12.01,12.15,11.95
10/31/2017,12.27,41975420,12.15,12.3,12.129
11/01/2017,12.35,43445940,12.4,12.47,12.2752
11/02/2017,12.42,40920110,12.33,12.43,12.26
11/03/2017,12.36,33180990,12.41,12.46,12.32
11/06/2017,12.33,20173140,12.36,12.43,12.3
11/07/2017,12.16,41526710,12.35,12.38,12.11
11/08/2017,12.06,34118340,12.14,12.16,12.01
11/09/2017,12.04,26247030,12.01,12.05,11.93
11/10/2017,12.01,35287550,12,12.09,11.98
11/13/2017,12.16,30414130,12.01,12.22,11.97
11/14/2017,12.02,25874300,12.1,12.16,11.99
11/15/2017,12,28368910,11.97,12.03,11.87
11/16/2017,12.04,28239950,12,12.05,11.93
11/17/2017,12.01,31095460,12.02,12.06,11.985
11/20/2017,12.13,32289180,12.03,12.15,12.02
11/21/2017,12.12,28448460,12.14,12.225,12.12
11/22/2017,12.07,36179180,12.11,12.15,12.05
11/24/2017,12.1,9549629,12.1,12.15,12.03
11/27/2017,12.11,28520160,12.09,12.19,12.06
11/28/2017,12.21,33194270,12.15,12.24,12.08
11/29/2017,12.56,64782030,12.24,12.57,12.23
11/30/2017,12.52,47030590,12.53,12.65,12.42
12/01/2017,12.58,52444220,12.62,12.7,12.35
12/04/2017,12.63,39426620,12.65,12.81,12.59
12/05/2017,12.43,45467200,12.61,12.62,12.4
12/06/2017,12.38,26868620,12.4,12.43,12.28
12/07/2017,12.53,25409630,12.395,12.59,12.33
12/08/2017,12.61,21377590,12.53,12.61,12.43
12/11/2017,12.58,42643720,12.6,12.63,12.51
12/12/2017,12.6,53186550,12.56,12.635,12.51
12/13/2017,12.63,31855330,12.61,12.725,12.59
12/14/2017,12.46,36675920,12.65,12.69,12.41
12/15/2017,12.58,48643670,12.51,12.66,12.5
12/18/2017,12.66,25019630,12.66,12.75,12.61
12/19/2017,12.69,22365420,12.71,12.78,12.66
12/20/2017,12.72,18984770,12.72,12.75,12.65
12/21/2017,12.63,20967490,12.74,12.77,12.63
12/22/2017,12.58,17872090,12.66,12.66,12.56
12/26/2017,12.6,11425540,12.57,12.65,12.55
12/27/2017,12.5,16998030,12.57,12.58,12.45
12/28/2017,12.58,14715230,12.48,12.58,12.47
12/29/2017,12.49,18334110,12.58,12.61,12.49
01/02/2018,12.66,20761970,12.52,12.66,12.5
01/03/2018,12.76,29764150,12.68,12.8,12.67
01/04/2018,12.98,37473130,12.78,13.04,12.77
01/05/2018,13.2,46121120,13.06,13.22,13.04
01/08/2018,13.15,33230680,13.21,13.22,13.11
01/09/2018,13.08,27919320,13.18,13.22,13.08
01/10/2018,13.03,56502150,13.06,13.139,12.96
01/11/2018,13.16,28336900,13.02,13.2,13
01/12/2018,13.23,56970630,13.1,13.29,13.1
01/16/2018,13.1,53719390,13.31,13.48,13.01
01/17/2018,12.18,132363400,12.58,12.58,12.1
01/18/2018,12.07,66421450,12.18,12.2,12.02
01/19/2018,12,51160080,12.12,12.12,11.91
01/22/2018,12.02,52683950,12.02,12.08,11.9
01/23/2018,11.96,51772850,12.03,12.03,11.9
01/24/2018,12.05,64036680,12,12.09,11.92
01/25/2018,11.57,114687000,11.93,11.93,11.44
01/26/2018,11.65,52394530,11.59,11.7,11.5
01/29/2018,11.12,55045440,11.42,11.47,11.11
01/30/2018,11.06,52050920,11.09,11.23,11.05
01/31/2018,10.97,57586060,11.09,11.115,10.9
02/01/2018,10.92,41331940,10.95,11,10.85
02/02/2018,10.71,72258140,10.88,10.88,10.62
02/05/2018,10.24,96362170,10.78,10.8,10.24
02/06/2018,10.76,139857700,10.27,10.79,10.19
02/07/2018,10.76,68021410,10.75,11.04,10.7
02/08/2018,10.43,73934190,10.79,10.86,10.42
02/09/2018,10.53,71971730,10.57,10.64,10.24
02/12/2018,10.7,48990120,10.67,10.82,10.5436
02/13/2018,10.59,36806510,10.63,10.69,10.53
02/14/2018,10.74,27783860,10.55,10.75,10.5
02/15/2018,10.76,28200780,10.8,10.8,10.64
02/16/2018,10.61,41033820,10.7,10.82,10.52
02/20/2018,10.63,27578700,10.58,10.67,10.55
02/21/2018,10.6,36016440,10.65,10.75,10.59
02/22/2018,10.63,25385420,10.6,10.73,10.56
02/23/2018,10.7,21774180,10.67,10.71,10.62
02/26/2018,10.89,27093580,10.74,10.95,10.7
02/27/2018,10.61,43383440,10.93,10.99,10.6
02/28/2018,10.61,41290790,10.68,10.79,10.57
03/01/2018,10.29,75777350,10.65,10.69,10.2
03/02/2018,10.4,60403350,10.24,10.42,10.14
03/05/2018,10.58,43954310,10.31,10.63,10.3
03/06/2018,10.63,30534420,10.65,10.68,10.47
03/07/2018,10.63,29917430,10.51,10.64,10.43
03/08/2018,10.61,27608640,10.65,10.68,10.48
03/09/2018,10.73,26680690,10.63,10.73,10.57
03/12/2018,10.81,32854260,10.69,10.85,10.68
03/13/2018,10.78,43173900,10.84,10.98,10.73
03/14/2018,11.02,91910270,11.25,11.44,11.01
03/15/2018,11.07,47503990,11.05,11.25,10.95
03/16/2018,11.15,78597300,11.12,11.22,11.06
03/19/2018,11.01,55009360,11.15,11.17,10.87
03/20/2018,10.99,45506190,11.05,11.13,10.97
03/21/2018,11.1,38416920,11,11.185,10.93
03/22/2018,10.75,50931740,11,11.06,10.73
03/23/2018,10.56,39942800,10.79,10.85,10.51
03/26/2018,10.83,52218030,10.74,10.87,10.68
03/27/2018,10.83,40481150,10.85,10.92,10.72
03/28/2018,10.86,42204470,10.83,10.95,10.73
03/29/2018,11.08,39721230,10.93,11.13,10.915
04/02/2018,10.86,43186360,11.06,11.09,10.7
04/03/2018,11.15,42512830,11.01,11.18,10.9
04/04/2018,11.33,44826830,10.87,11.36,10.8
04/05/2018,11.35,28349340,11.34,11.38,11.23
04/06/2018,11.18,31567950,11.28,11.35,11.07
04/09/2018,11.25,36453530,11.25,11.38,11.2
04/10/2018,11.45,43306240,11.44,11.55,11.41
04/11/2018,11.43,31997050,11.38,11.49,11.3
04/12/2018,11.31,46981710,11.5,11.54,11.25
04/13/2018,11.28,34563260,11.35,11.39,11.23
04/16/2018,11.38,32751620,11.36,11.45,11.27
04/17/2018,11.38,30435640,11.43,11.45,11.3
04/18/2018,11.33,46205110,11.38,11.48,11.3
04/19/2018,10.96,49102280,11.18,11.2494,10.85
04/20/2018,10.82,44900590,11.01,11.03,10.78
04/23/2018,11.04,31619290,10.84,11.04,10.83
04/24/2018,10.96,39568400,11.05,11.17,10.93
04/25/2018,11.11,39022690,10.96,11.16,10.87
04/26/2018,11.43,80586250,11.42,11.53,11.29
04/27/2018,11.49,33312840,11.4,11.56,11.38
04/30/2018,11.24,65995650,11.53,11.725,11.22
05/01/2018,11.26,61420850,11.25,11.35,11.1
05/02/2018,11.21,41033070,11.26,11.265,11.12
05/03/2018,11.2,38861270,11.17,11.21,10.97
05/04/2018,11.36,32041260,11.16,11.41,11.09
05/07/2018,11.34,27497440,11.36,11.44,11.31
05/08/2018,11.27,25455470,11.32,11.37,11.235
05/09/2018,11.06,43552490,11.21,11.28,11.02
05/10/2018,11.21,32004680,11.04,11.25,11.02
05/11/2018,11.19,19780570,11.22,11.245,11.16
05/14/2018,11.18,26749930,11.23,11.29,11.17
05/15/2018,11.22,26945550,11.1,11.25,11.06
05/16/2018,11.4,26451190,11.21,11.4,11.2
05/17/2018,11.46,20685380,11.4,11.48,11.38
05/18/2018,11.33,22580200,11.44,11.47,11.3
05/21/2018,11.51,30790380,11.42,11.55,11.39
05/22/2018,11.52,22359610,11.58,11.635,11.51
05/23/2018,11.44,23512660,11.5,11.55,11.33
05/24/2018,11.62,33556510,11.45,11.65,11.44
05/25/2018,11.51,19292540,11.56,11.605,11.47
05/29/2018,11.44,31315610,11.6,11.62,11.36
05/30/2018,11.55,25526390,11.53,11.61,11.47
05/31/2018,11.55,61464420,11.65,11.735,11.36
06/01/2018,11.71,35397650,11.67,11.77,11.61
06/04/2018,11.74,25138140,11.74,11.785,11.69
06/05/2018,11.83,31021230,11.74,11.8675,11.68
06/06/2018,11.97,30955790,11.87,12,11.82
06/07/2018,12.03,46852190,11.97,12.15,11.96
06/08/2018,12.1,27199940,12.04,12.12,12
06/11/2018,12.03,30237990,12.1,12.15,12.02
06/12/2018,12.11,51226950,12.07,12.15,12.03
06/13/2018,12.02,27253040,12.1,12.1,11.96
06/14/2018,11.89,34277770,12,12.01,11.84
06/15/2018,11.88,56297520,11.84,12.03,11.8
06/18/2018,11.99,32646400,11.82,12.04,11.81
06/19/2018,11.89,40026070,11.82,11.89,11.67
06/20/2018,11.87,31944640,11.97,12.05,11.83
06/21/2018,11.71,33262610,11.8,11.8299,11.64
06/22/2018,11.65,37438910,11.75,11.87,11.62
06/25/2018,11.5,35958450,11.63,11.67,11.38
06/26/2018,11.52,36626980,11.56,11.63,11.49
06/27/2018,11.42,27236390,11.54,11.64,11.4
06/28/2018,11.28,43812030,11.37,11.4,11.15
06/29/2018,11.07,44111360,11.32,11.37,11.03
07/02/2018,11.1,37874690,11.02,11.105,10.91
07/03/2018,10.99,16544780,11.1,11.15,10.94
07/05/2018,11.05,30117040,11.1,11.14,11.02
07/06/2018,11.06,25644930,11.04,11.1,10.92
07/09/2018,11.2,23880680,11.1,11.26,11.03
07/10/2018,11.25,21151770,11.2,11.26,11.17
07/11/2018,11.07,30013200,11.15,11.17,11.05
07/12/2018,11.05,26405170,11.1,11.14,11
07/13/2018,10.98,36552840,11.02,11.05,10.91
07/16/2018,10.85,46126270,10.95,10.97,10.76
07/17/2018,10.86,37518590,10.8,10.9,10.8
07/18/2018,10.87,36331850,10.85,10.895,10.81
07/19/2018,10.82,40273190,10.89,10.9,10.77
07/20/2018,10.56,41500610,10.68,10.72,10.51
07/23/2018,10.47,34917470,10.56,10.57,10.42
07/24/2018,10.57,47232250,10.51,10.74,10.5
07/25/2018,10.52,92296350,10.32,10.57,10.12
07/26/2018,9.89,103791900,10.14,10.16,9.84
07/27/2018,9.93,46158880,9.96,10.05,9.91
07/30/2018,10.07,35709860,9.96,10.1,9.93
07/31/2018,10.04,38006800,10.11,10.11,10
08/01/2018,9.9,44112160,10.06,10.0785,9.82
08/02/2018,9.92,40311130,9.9,9.98,9.84
08/03/2018,10.04,25920560,9.93,10.06,9.93
08/06/2018,10.03,21770340,10,10.05,9.97
08/07/2018,10.08,27958790,10.04,10.1,10.02
08/08/2018,10.05,22598500,10.05,10.1,10.04
08/09/2018,9.91,35538120,10.06,10.07,9.9
08/10/2018,9.74,39158110,9.91,9.91,9.72
08/13/2018,9.46,66541760,9.74,9.75,9.42
08/14/2018,9.5,37616350,9.51,9.615,9.45
08/15/2018,9.45,36277570,9.46,9.5,9.35
08/16/2018,9.51,28834000,9.5,9.6,9.49
08/17/2018,9.55,32711910,9.53,9.6,9.46
08/20/2018,9.72,25064490,9.56,9.74,9.56
08/21/2018,9.86,46308250,9.77,9.9,9.69
08/22/2018,9.69,30774730,9.79,9.82,9.68
08/23/2018,9.63,31502980,9.67,9.69,9.58
08/24/2018,9.68,18367690,9.65,9.7,9.61
08/27/2018,9.99,49507320,9.75,10.04,9.73
08/28/2018,10.01,33836090,10.08,10.09,9.95
08/29/2018,9.97,37237190,10.01,10.02,9.9
08/30/2018,9.7,48494340,9.87,9.915,9.67
08/31/2018,9.48,76368370,9.64,9.68,9.4
09/04/2018,9.47,54092090,9.53,9.58,9.36
09/05/2018,9.49,44524660,9.47,9.55,9.32
09/06/2018,9.43,29509790,9.48,9.55,9.4
09/07/2018,9.27,51215670,9.41,9.49,9.25
09/10/2018,9.38,30411740,9.31,9.49,9.3
09/11/2018,9.31,27138750,9.35,9.36,9.22
09/12/2018,9.34,25426050,9.31,9.42,9.28
09/13/2018,9.37,29223630,9.38,9.41,9.31
09/14/2018,9.45,29892320,9.38,9.48,9.36
09/17/2018,9.55,29520840,9.435,9.595,9.43
09/18/2018,9.58,57052770,9.54,9.61,9.48
09/19/2018,9.78,40086250,9.61,9.83,9.61
09/20/2018,9.81,45487050,9.83,9.93,9.71
09/21/2018,9.85,73993540,9.84,9.94,9.78
09/24/2018,9.59,43118320,9.78,9.85,9.52
09/25/2018,9.39,43011250,9.53,9.56,9.37
09/26/2018,9.27,58539430,9.38,9.41,9.27
09/27/2018,9.23,38385020,9.3,9.33,9.2
09/28/2018,9.25,30982780,9.22,9.28,9.09
10/01/2018,9.32,44819940,9.43,9.44,9.3
10/02/2018,9.2,41796960,9.27,9.34,9.18
10/03/2018,9.13,46980400,9.27,9.31,9.13
10/04/2018,9.15,38883860,9.13,9.22,9.09
10/05/2018,9.12,36922070,9.15,9.22,9.1
10/08/2018,9.26,43558200,9.1,9.28,9.09
10/09/2018,8.95,58254390,9.23,9.31,8.95
10/10/2018,8.82,53887840,8.95,8.98,8.81
10/11/2018,8.81,66113940,8.82,8.99,8.76
10/12/2018,8.64,59269430,8.95,8.95,8.55
10/15/2018,8.81,40134510,8.67,8.85,8.66
10/16/2018,8.8,36753930,8.87,8.89,8.73
10/17/2018,8.76,48727560,8.8,8.86,8.64
10/18/2018,8.51,59619140,8.74,8.76,8.5
10/19/2018,8.5,59799890,8.32,8.525,8.19
10/22/2018,8.41,39788980,8.38,8.45,8.27
10/23/2018,8.59,55372340,8.3,8.64,8.23
10/24/2018,8.18,58314690,8.5,8.595,8.17
10/25/2018,8.99,90358420,8.52,9,8.46
10/26/2018,8.98,100632200,8.96,9.06,8.86
10/29/2018,9.28,92135050,9.36,9.59,9.17
10/30/2018,9.46,58036350,9.31,9.56,9.27
10/31/2018,9.55,68442730,9.62,9.67,9.43
11/01/2018,9.29,59763530,9.54,9.55,9.26
11/02/2018,9.38,48418570,9.36,9.45,9.26
11/05/2018,9.53,41263580,9.38,9.57,9.35
11/06/2018,9.54,40924250,9.46,9.57,9.41
11/07/2018,9.6,37344690,9.6,9.6,9.45
11/08/2018,9.46,55793290,9.58,9.65,9.44
11/09/2018,9.38,52199130,9.38,9.8,9.27
11/12/2018,9.49,36310030,9.38,9.58,9.37
11/13/2018,9.54,33088120,9.53,9.67,9.47
11/14/2018,9.54,39552420,9.63,9.6658,9.43
11/15/2018,9.31,57139150,9.5,9.53,9.12
11/16/2018,9.05,54382490,9.28,9.31,8.98
11/19/2018,9.25,56208890,9.02,9.36,8.96
11/20/2018,9.06,35153950,9.1,9.22,9.01
11/21/2018,9.11,25879520,9.05,9.2,8.98
11/23/2018,9.13,13520850,9.07,9.22,9.03
11/26/2018,9.4,46081980,9.23,9.53,9.17
11/27/2018,9.28,34277610,9.37,9.43,9.25
11/28/2018,9.41,32209640,9.27,9.44,9.17
11/29/2018,9.37,27546190,9.37,9.44,9.26
11/30/2018,9.41,36260470,9.37,9.48,9.36
12/03/2018,9.6,64525800,9.71,9.85,9.6
12/04/2018,9.18,57502950,9.55,9.6,9.18
12/06/2018,9.02,53769740,9.12,9.12,8.92
12/07/2018,8.82,42214590,9.02,9.13,8.8
12/10/2018,8.52,56473160,8.83,8.85,8.38
12/11/2018,8.54,39105860,8.72,8.8,8.5
12/12/2018,8.64,40528540,8.64,8.73,8.59
12/13/2018,8.5,31606460,8.67,8.7,8.455
12/14/2018,8.52,35433230,8.52,8.68,8.46
12/17/2018,8.5,44457140,8.48,8.72,8.41
12/18/2018,8.47,38199060,8.55,8.68,8.41
12/19/2018,8.32,75213080,8.46,8.65,8.27
12/20/2018,8.26,58031970,8.33,8.417,8.18
12/21/2018,8.05,57503190,8.22,8.4,8.04
12/24/2018,7.63,38709510,8.01,8.01,7.61
12/26/2018,7.85,58655960,7.73,7.86,7.41
12/27/2018,7.85,49787750,7.82,7.85,7.53
12/28/2018,7.81,47298570,7.83,8.04,7.76
12/31/2018,7.65,57805490,7.85,7.86,7.5
01/02/2019,7.9,47386820,7.53,8.02,7.48
01/03/2019,7.78,38411160,7.97,7.99,7.78
01/04/2019,8.08,43029840,7.91,8.12,7.85
01/07/2019,8.29,40148300,8.11,8.365,8.025
01/08/2019,8.37,45579770,8.42,8.54,8.35
01/09/2019,8.72,48385210,8.45,8.77,8.36
01/10/2019,8.67,39471910,8.71,8.77,8.45
01/11/2019,8.82,41556930,8.77,8.93,8.7
01/14/2019,8.99,44104780,8.8,9.06,8.76
01/15/2019,8.84,65291780,9.02,9.03,8.75
01/16/2019,8.29,73798670,8.68,8.77,8.26
01/17/2019,8.36,56705980,8.27,8.44,8.21
01/18/2019,8.58,49290140,8.39,8.6,8.33
01/22/2019,8.5,47032010,8.54,8.605,8.46
01/23/2019,8.34,44450090,8.54,8.54,8.28
01/24/2019,8.6,79325400,8.32,8.68,8.22
01/25/2019,8.86,53096760,8.74,8.96,8.73
01/28/2019,8.66,41966490,8.8,8.8,8.58
01/29/2019,8.76,30445960,8.71,8.79,8.62
01/30/2019,8.71,29889070,8.665,8.72,8.52
01/31/2019,8.8,39377900,8.62,8.82,8.6
02/01/2019,8.72,34112600,8.77,8.81,8.62
02/04/2019,8.7,28797520,8.7,8.7,8.59
02/05/2019,8.75,26131720,8.68,8.76,8.65
02/06/2019,8.72,32632530,8.79,8.9,8.68
02/07/2019,8.31,55091650,8.62,8.62,8.29
02/08/2019,8.39,38633960,8.29,8.41,8.16
02/11/2019,8.33,27388930,8.41,8.44,8.29
02/12/2019,8.46,26183010,8.38,8.47,8.38
02/13/2019,8.41,27171650,8.45,8.66,8.39
02/14/2019,8.42,23482620,8.38,8.47,8.32
02/15/2019,8.54,57978560,8.49,8.56,8.41
02/19/2019,8.83,37921810,8.53,8.845,8.53
02/20/2019,8.94,40167010,8.83,8.98,8.82
02/21/2019,8.71,44635240,8.94,8.955,8.7
02/22/2019,8.71,40938440,8.73,8.75,8.56
02/25/2019,8.76,56445150,8.77,8.85,8.75
02/26/2019,8.88,38347020,8.75,8.94,8.72
02/27/2019,8.78,34078120,8.83,8.91,8.78
02/28/2019,8.77,43089720,8.77,8.79,8.6
03/01/2019,8.79,37677900,8.85,8.89,8.71
03/04/2019,8.81,46184390,8.83,8.97,8.76
03/05/2019,8.77,39348070,8.8,8.81,8.7
03/06/2019,8.58,50355970,8.75,8.78,8.56
03/07/2019,8.48,53014220,8.56,8.57,8.345
03/08/2019,8.42,43755280,8.4,8.47,8.34
03/11/2019,8.61,36871550,8.46,8.63,8.45
03/12/2019,8.57,37051290,8.65,8.7,8.55
03/13/2019,8.53,48238150,8.59,8.65,8.5
03/14/2019,8.41,36279810,8.52,8.55,8.4
03/15/2019,8.43,66481250,8.42,8.47,8.37
03/18/2019,8.57,35324290,8.45,8.57,8.42
03/19/2019,8.7,57190820,8.61,8.87,8.61
03/20/2019,8.51,54509730,8.67,8.67,8.48
03/21/2019,8.69,44689840,8.5,8.69,8.49
03/22/2019,8.54,41611650,8.63,8.67,8.52
03/25/2019,8.51,45772800,8.56,8.65,8.47
03/26/2019,8.76,47688290,8.54,8.76,8.54
03/27/2019,8.62,39449740,8.75,8.86,8.62
03/28/2019,8.77,38714430,8.65,8.83,8.64
03/29/2019,8.78,33952360,8.8,8.89,8.71
04/01/2019,8.98,45181440,8.86,9,8.86
04/02/2019,9.01,30629430,8.95,9.03,8.91
04/03/2019,9.13,56221490,9.07,9.27,9.06
04/04/2019,9.24,39467110,9.21,9.3,9.18
04/05/2019,9.25,37416990,9.17,9.27,9.08
04/08/2019,9.3,26215110,9.18,9.32,9.17
04/09/2019,9.21,29813600,9.27,9.36,9.17
04/10/2019,9.33,28375580,9.23,9.35,9.2
04/11/2019,9.39,26484480,9.35,9.41,9.33
04/12/2019,9.45,38552600,9.47,9.6,9.44
04/15/2019,9.33,41196370,9.48,9.5,9.26
04/16/2019,9.36,40944760,9.32,9.4,9.24
04/17/2019,9.5,30619510,9.4,9.58,9.39
04/18/2019,9.55,29828740,9.52,9.62,9.48
04/22/2019,9.5,38665590,9.58,9.58,9.46
04/23/2019,9.5,39479050,9.36,9.51,9.3
04/24/2019,9.57,39738000,9.45,9.61,9.4
04/25/2019,9.4,51048600,9.52,9.53,9.34
04/26/2019,10.41,156098200,10.03,10.45,9.95
04/29/2019,10.32,60949940,10.36,10.39,10.07
04/30/2019,10.45,46056240,10.29,10.5,10.27
05/01/2019,10.3,41805500,10.48,10.5,10.29
05/02/2019,10.34,34508450,10.3,10.35,10.2
05/03/2019,10.41,36291240,10.37,10.45,10.3
05/06/2019,10.37,28640580,10.12,10.42,10.12
05/07/2019,10.38,41154490,10.33,10.41,10.3
05/08/2019,10.34,33472200,10.38,10.45,10.31
05/09/2019,10.2,43621300,10.26,10.3,10.07
05/10/2019,10.38,37629530,10.32,10.41,10.2
05/13/2019,10.08,51102050,10.17,10.26,10.04
05/14/2019,10.24,31297220,10.15,10.29,10.13
05/15/2019,10.36,44050200,10.21,10.4,10.04
05/16/2019,10.4,32696980,10.3,10.44,10.3
05/17/2019,10.29,34565390,10.32,10.44,10.24
05/20/2019,10.28,29535940,10.3,10.3,10.2
05/21/2019,10.24,30099320,10.31,10.31,10.15
05/22/2019,9.97,51407180,10.17,10.21,9.93
05/23/2019,9.85,43153770,9.85,9.85,9.67
05/24/2019,9.83,22131460,9.92,9.95,9.8
05/28/2019,9.78,27656180,9.87,9.9,9.77
05/29/2019,9.71,32262550,9.69,9.75,9.55
05/30/2019,9.74,24759570,9.74,9.84,9.68
05/31/2019,9.52,48250380,9.48,9.54,9.325
06/03/2019,9.61,39446800,9.62,9.65,9.46
06/04/2019,9.92,37324130,9.73,9.95,9.72
06/05/2019,9.78,42464810,9.87,9.92,9.65
06/06/2019,9.75,28291060,9.72,9.82,9.66
06/07/2019,9.76,18848700,9.76,9.82,9.7
06/10/2019,9.82,33883400,9.89,10.03,9.76
06/11/2019,9.92,26434190,9.87,9.98,9.79
06/12/2019,9.85,21746720,9.9,9.93,9.84
06/13/2019,10.06,25555850,9.87,10.06,9.8
06/14/2019,9.98,21553250,10.01,10.04,9.94
06/17/2019,10.05,19383830,9.99,10.09,9.94
06/18/2019,10.1,32591680,10.08,10.2,10.0476
06/19/2019,10.04,29051260,10.15,10.18,10.03
06/20/2019,10.04,32086470,10.13,10.15,9.95
06/21/2019,9.99,47904040,10.03,10.05,9.91
06/24/2019,9.95,28091230,9.95,10.02,9.93
06/25/2019,9.84,28682020,9.97,9.99,9.83
06/26/2019,9.91,33739050,9.87,9.959,9.82
06/27/2019,10.2,42954590,10.04,10.24,10
06/28/2019,10.23,37555290,10.2,10.31,10.2
07/01/2019,10.15,38537010,10.34,10.43,10.07
07/02/2019,10.12,29715480,10.15,10.21,10.04
07/03/2019,10.2,19326620,10.18,10.3,10.13
07/05/2019,10.2,21397920,10.18,10.27,10.09
07/08/2019,10.2,23244150,10.2,10.26,10.18
07/09/2019,10.14,25140620,10.17,10.19,10.1
07/10/2019,10.11,29082150,10.19,10.26,10.11
07/11/2019,10.19,27667550,10.15,10.2,10.11
07/12/2019,10.49,40761560,10.24,10.5,10.24
07/15/2019,10.42,33753510,10.49,10.56,10.34
07/16/2019,10.51,29530490,10.37,10.51,10.285
07/17/2019,10.33,25204390,10.48,10.5,10.31
07/18/2019,10.26,25828860,10.3,10.31,10.18
07/19/2019,10.2,38505640,10.3,10.32,10.2
07/22/2019,10.02,36238650,10.13,10.17,10
07/23/2019,10.17,74624840,10.13,10.22,10.06
07/24/2019,10.33,61107450,10.18,10.35,10.14
07/25/2019,9.56,133898600,9.75,9.78,9.4
07/26/2019,9.57,47710170,9.58,9.65,9.51
07/29/2019,9.6,36487760,9.6,9.68,9.52
07/30/2019,9.55,36944660,9.56,9.58,9.48
07/31/2019,9.53,56715510,9.57,9.58,9.4
08/01/2019,9.31,58060750,9.53,9.59,9.28
08/02/2019,9.28,41495160,9.26,9.34,9.21
08/05/2019,9.23,47963450,9.18,9.27,9.06
08/06/2019,9.48,51856100,9.42,9.51,9.36
08/07/2019,9.53,43042370,9.43,9.56,9.3201
08/08/2019,9.56,25468950,9.56,9.62,9.505
08/09/2019,9.45,38739670,9.54,9.58,9.39
08/12/2019,9.29,23050380,9.39,9.43,9.28
08/13/2019,9.26,28314960,9.29,9.42,9.18
08/14/2019,9,45967360,9.13,9.15,8.96
08/15/2019,8.86,40682770,9.06,9.06,8.78
08/16/2019,8.96,27369850,8.92,9,8.81
08/19/2019,9.03,21844000,9.05,9.1,9.02
08/20/2019,8.96,25119460,9,9.07,8.93
08/21/2019,9.04,20443920,9.02,9.05,8.97
08/22/2019,9.04,20977680,9.05,9.14,9.02
08/23/2019,8.77,44987690,8.9,8.99,8.73
08/26/2019,8.82,31890300,8.88,8.907,8.79
08/27/2019,8.76,23032300,8.89,8.91,8.75
08/28/2019,9,35147630,8.72,9.04,8.7
08/29/2019,9.12,22016750,9.1,9.14,9.03
08/30/2019,9.17,32060740,9.16,9.23,9.1
09/03/2019,9.1,26331720,9.18,9.2,9.04
09/04/2019,9.2,27410230,9.17,9.23,9.07
09/05/2019,9.34,36640470,9.25,9.4,9.25
09/06/2019,9.34,29210270,9.37,9.41,9.2
09/09/2019,9.54,48059370,9.39,9.65,9.39
09/10/2019,9.42,70567290,9.08,9.42,9.04
09/11/2019,9.42,34190270,9.29,9.43,9.29
09/12/2019,9.41,35687710,9.36,9.48,9.32
09/13/2019,9.45,27161260,9.47,9.59,9.44
09/16/2019,9.3,50052610,9.36,9.45,9.24
09/17/2019,9.28,27510980,9.27,9.31,9.18
09/18/2019,9.25,24473870,9.26,9.36,9.22
09/19/2019,9.1,29133990,9.31,9.3299,9.1
09/20/2019,9.17,38117100,9.13,9.3,9.11
09/23/2019,9.16,23591820,9.13,9.23,9.08
09/24/2019,9.11,33167700,9.19,9.225,9.05
09/25/2019,9.2,20555600,9.1,9.23,9.09
09/26/2019,9.14,26593310,9.23,9.23,9.07
09/27/2019,9.08,32462240,9.14,9.6,9.06
09/30/2019,9.16,22493310,9.11,9.21,9.1
10/01/2019,8.9,39690750,9.19,9.24,8.87
10/02/2019,8.61,68290410,8.85,8.86,8.44
10/03/2019,8.71,41250600,8.55,8.71,8.45
10/04/2019,8.74,28096690,8.72,8.76,8.66
10/07/2019,8.68,29494230,8.7,8.79,8.61
10/08/2019,8.54,31598390,8.65,8.66,8.5
10/09/2019,8.56,16979210,8.61,8.64,8.56
10/10/2019,8.62,28223350,8.58,8.65,8.52
10/11/2019,8.78,34210300,8.73,8.87,8.73
10/14/2019,8.82,25444790,8.82,8.84,8.755
10/15/2019,9.07,31040710,8.84,9.0999,8.78
10/16/2019,9.07,27386350,9.11,9.19,9.06
10/17/2019,9.11,28652390,9.12,9.14,9.03
10/18/2019,9.29,42432620,9.09,9.32,9.09
10/21/2019,9.03,33812870,9.19,9.245,9.01
10/22/2019,9.07,35997410,9.01,9.14,8.96
10/23/2019,9.21,46677590,9.01,9.21,8.97
10/24/2019,8.6,121124000,8.87,8.89,8.55
10/25/2019,8.72,51373620,8.67,8.75,8.62
10/28/2019,8.61,39635290,8.76,8.76,8.58
10/29/2019,8.64,36771760,8.59,8.71,8.59
10/30/2019,8.54,28685310,8.64,8.64,8.52
10/31/2019,8.59,29124080,8.58,8.6,8.5
11/01/2019,8.89,55354930,8.64,8.93,8.64
11/04/2019,9,46716530,8.93,9.05,8.93
11/05/2019,9.02,37569670,9.02,9.15,9
11/06/2019,8.92,39497700,9.05,9.05,8.89
11/07/2019,8.89,32640400,8.96,9.01,8.88
11/08/2019,9.04,29489850,8.9,9.04,8.82
11/11/2019,9.08,24852640,8.95,9.1,8.94
11/12/2019,9.04,28710940,9.06,9.13,9.04
11/13/2019,8.81,34820790,9,9,8.8
11/14/2019,8.79,26542130,8.85,8.9059,8.78
11/15/2019,8.95,26430900,8.85,8.96,8.85
11/18/2019,8.95,38296390,9.05,9.05,8.89
11/19/2019,8.9,31192770,8.99,9,8.87
11/20/2019,8.73,38291750,8.88,8.89,8.68
11/21/2019,8.71,33161370,8.77,8.79,8.67
11/22/2019,8.89,34966750,8.8,8.9,8.77
11/25/2019,9,30617390,8.9,9.01,8.87
11/26/2019,9.01,30106840,8.98,9.02,8.91
11/27/2019,9.1,37424080,9.03,9.15,9.02
11/29/2019,9.06,13096150,9.04,9.1,9.03
12/02/2019,9.01,37270510,9.08,9.14,9
12/03/2019,8.89,41121650,8.95,8.95,8.8
12/04/2019,8.95,29994670,8.95,9.03,8.94
12/05/2019,8.93,25770720,8.97,9,8.88
12/06/2019,9.02,31111720,8.96,9.07,8.945
12/09/2019,9.01,21898170,8.97,9.07,8.96
12/10/2019,9.07,34233140,9.02,9.1,8.96
12/11/2019,9.11,33205340,9.06,9.14,9.055
12/12/2019,9.32,48398720,9.11,9.36,9.105
12/13/2019,9.23,35334490,9.32,9.39,9.19
12/16/2019,9.39,42339950,9.24,9.39,9.22
12/17/2019,9.39,35516660,9.38,9.41,9.31
12/18/2019,9.54,45929400,9.39,9.575,9.36
12/19/2019,9.41,42237370,9.55,9.57,9.38
12/20/2019,9.48,50199270,9.5,9.54,9.44
12/23/2019,9.44,54795990,9.5,9.57,9.4
12/24/2019,9.47,11881600,9.44,9.49,9.43
12/26/2019,9.45,28982310,9.47,9.49,9.43
12/27/2019,9.36,28273600,9.45,9.46,9.345
12/30/2019,9.25,36085420,9.34,9.35,9.23
12/31/2019,9.3,32345380,9.25,9.33,9.24
01/02/2020,9.42,43432240,9.29,9.42,9.19
01/03/2020,9.21,45059920,9.31,9.37,9.15
01/06/2020,9.16,43380680,9.1,9.17,9.06
01/07/2020,9.25,45334550,9.2,9.25,9.12
01/08/2020,9.25,46003050,9.23,9.3,9.17
01/09/2020,9.26,51905120,9.3,9.31,9.18
01/10/2020,9.25,39819240,9.27,9.36,9.25
01/13/2020,9.24,48562150,9.25,9.26,9.11
01/14/2020,9.29,42936050,9.22,9.33,9.21
01/15/2020,9.19,55923870,9.27,9.3,9.18
01/16/2020,9.17,44310390,9.23,9.28,9.15
01/17/2020,9.16,41644870,9.19,9.23,9.13
01/21/2020,9.21,49556420,9.15,9.22,9.1
01/22/2020,9.16,39914760,9.22,9.25,9.15
01/23/2020,9.14,75848670,9.14,9.16,8.93
01/24/2020,9,68100950,9.11,9.12,8.96
01/27/2020,8.89,60769340,8.88,8.96,8.78
01/28/2020,8.97,85163400,8.94,9,8.86
01/29/2020,8.86,59070710,8.85,8.955,8.84
01/30/2020,8.84,42827800,8.81,8.84,8.73
01/31/2020,8.82,59813730,8.78,8.84,8.74
02/03/2020,8.98,71432660,8.85,9.14,8.85
02/04/2020,9.18,86196420,9.08,9.24,9.07
02/05/2020,8.31,145792500,8.41,8.48,8.26
02/06/2020,8.25,68823370,8.37,8.38,8.25
02/07/2020,8.11,98256480,8.21,8.21,8.02
02/10/2020,8.06,71834910,8.15,8.15,8.05
02/11/2020,8.1,80164530,8.1,8.15,8.08
02/12/2020,8.24,111536800,8.14,8.33,8.13
02/13/2020,8.25,67648840,8.21,8.36,8.21
02/14/2020,8.1,46359670,8.27,8.27,8.08
02/18/2020,8.06,65207480,8.12,8.1499,8.02
02/19/2020,8,69668180,8.06,8.1,8
02/20/2020,8.03,52318240,8,8.07,7.99
02/21/2020,7.89,58326330,8.02,8.03,7.89
02/24/2020,7.57,110048200,7.7,7.7197,7.55
02/25/2020,7.23,108888300,7.68,7.68,7.22
02/26/2020,7.21,92524840,7.3,7.46,7.21
02/27/2020,6.97,118642400,7.13,7.28,6.92
02/28/2020,6.96,116546700,6.84,6.96,6.67
03/02/2020,7.2,96766030,7.11,7.23,6.88
03/03/2020,6.97,97457780,7.29,7.34,6.89
03/04/2020,7.08,70588070,7.09,7.09,6.92
03/05/2020,6.74,78070890,6.96,6.97,6.71
03/06/2020,6.49,109932200,6.6,6.68,6.4
03/09/2020,5.9,103901700,5.97,6.14,5.87
03/10/2020,6.26,101873600,6.26,6.29,5.8
03/11/2020,5.9,98639100,6.06,6.11,5.88
03/12/2020,5.35,89453100,5.38,5.69,5.2
03/13/2020,5.63,125375300,5.87,5.9,5.12
03/16/2020,5.01,110310900,5.04,5.22,5
03/17/2020,5.01,104233500,5.08,5.14,4.7
03/18/2020,4.5,125954700,4.75,4.84,4.1
03/19/2020,4.47,126603800,4.33,4.58,4.1
03/20/2020,4.33,129378600,4.54,4.75,4.25
03/23/2020,4.01,134925000,4.27,4.52,3.96
03/24/2020,4.95,146192100,4.47,4.99,4.26
03/25/2020,5.39,198999400,5.77,5.87,5.12
03/26/2020,5.25,138298000,5.36,5.65,5.16
03/27/2020,5.19,106324000,5.07,5.3,4.91
03/30/2020,5.03,97879670,5.11,5.1197,4.93
03/31/2020,4.83,231800800,5.03,5.19,4.75
04/01/2020,4.4,119174500,4.63,4.77,4.36
04/02/2020,4.36,90891690,4.39,4.57,4.25
04/03/2020,4.24,85659870,4.4,4.42,4.17
04/06/2020,4.53,102205300,4.54,4.67,4.41
04/07/2020,4.71,115150400,4.85,5.03,4.63
04/08/2020,5.03,117022200,4.86,5.09,4.8
04/09/2020,5.37,175833700,5.51,5.75,5.24
04/13/2020,5.16,99320000,5.43,5.43,5.02
04/14/2020,5.29,74877030,5.27,5.44,5.16
04/15/2020,5.03,74727750,5.06,5.14,4.95
04/16/2020,4.94,58951210,5.06,5.0697,4.89
04/17/2020,5.12,91989320,5.17,5.28,5.03
04/20/2020,4.98,71079440,5.01,5.09,4.91
04/21/2020,4.77,82400210,4.89,4.92,4.72
04/22/2020,4.77,62398610,4.87,4.89,4.75
04/23/2020,4.89,61959760,4.8,4.98,4.77
04/24/2020,4.87,54352480,4.93,4.96,4.8
04/27/2020,5.17,91082850,4.91,5.19,4.88
04/28/2020,5.38,106222800,5.49,5.54,5.215
04/29/2020,5.26,126393000,5.33,5.5,5.2104
04/30/2020,5.09,93437940,5.16,5.24,5.06
05/01/2020,4.92,82660060,5.02,5.05,4.9
05/04/2020,4.86,84214750,4.88,4.97,4.77
05/05/2020,4.97,96301280,4.99,5.09,4.94
05/06/2020,4.87,89390420,5.05,5.09,4.82
05/07/2020,4.87,67222940,4.9,4.98,4.85
05/08/2020,5.24,101333800,4.96,5.25,4.95
05/11/2020,5.12,75734000,5.18,5.19,5.05
05/12/2020,4.98,70965190,5.15,5.22,4.97
05/13/2020,4.72,100192300,5,5.01,4.66
05/14/2020,4.89,108061100,4.645,4.92,4.52
05/15/2020,4.9,80544650,4.8,4.94,4.75
05/18/2020,5.31,136241400,5.12,5.33,5.12
05/19/2020,5.3,94836280,5.27,5.45,5.15
05/20/2020,5.49,87685370,5.38,5.54,5.37
05/21/2020,5.63,87098220,5.45,5.69,5.44
05/22/2020,5.65,76656470,5.68,5.73,5.5
05/26/2020,5.84,86046300,5.92,5.99,5.82
05/27/2020,6.03,110413900,6.01,6.09,5.84
05/28/2020,5.85,77126190,6.05,6.07,5.81
05/29/2020,5.71,93039230,5.75,5.8,5.57
06/01/2020,5.87,61938820,5.73,5.88,5.67
06/02/2020,5.9,80046000,5.96,6,5.83
06/03/2020,6.19,98876580,5.99,6.27,5.92
06/04/2020,6.57,115798600,6.2,6.58,6.12
06/05/2020,7.34,208648200,7.24,7.5,7.02
06/08/2020,7.53,113169300,7.53,7.74,7.37
06/09/2020,7.24,115749600,7.22,7.44,7.05
06/10/2020,6.81,147327100,7.33,7.34,6.77
06/11/2020,6.13,116184700,6.07,6.46,6.04
06/12/2020,6.46,88778030,6.56,6.63,6.3
06/15/2020,6.5,104742600,6.18,6.58,6.11
06/16/2020,6.55,109535200,6.87,6.87,6.44
06/17/2020,6.33,67831360,6.56,6.56,6.31
06/18/2020,6.33,61301780,6.26,6.45,6.19
06/19/2020,6.23,126127800,6.64,6.69,6.23
06/22/2020,6.28,71724250,6.27,6.28,6.13
06/23/2020,6.15,86672820,6.33,6.38,6.14
06/24/2020,5.95,75536270,6.06,6.1225,5.86
06/25/2020,6.03,73612740,5.86,6.05,5.8
06/26/2020,5.91,118435400,6.04,6.07,5.81
06/29/2020,6.01,58208430,5.91,6.07,5.81
06/30/2020,6.08,61909300,5.98,6.1,5.9
07/01/2020,5.98,62454690,6.1,6.18,5.95
07/02/2020,6.05,67270510,6.1,6.17,6
07/06/2020,6.19,63921780,6.14,6.2,6.11
07/07/2020,6.12,56651980,6.14,6.2,6.09
07/08/2020,6.09,60928650,6.13,6.18,6.05
07/09/2020,5.84,82693010,6.09,6.1,5.82
07/10/2020,6.1,73710730,5.8,6.1,5.74
07/13/2020,6.06,80190670,6.15,6.22,6.05
07/14/2020,6.36,106131800,6.18,6.39,6.08
07/15/2020,6.74,101648700,6.54,6.78,6.52
07/16/2020,6.86,93498510,6.66,6.9,6.63
07/17/2020,6.8,80836730,6.9,6.91,6.73
07/20/2020,6.66,71361660,6.8,6.85,6.58
07/21/2020,6.68,63343850,6.71,6.81,6.64
07/22/2020,6.84,75629570,6.64,6.88,6.61
07/23/2020,6.98,88652590,6.87,7.06,6.8
07/24/2020,6.88,62292050,6.9,7.01,6.86
07/27/2020,6.93,60370150,6.92,6.94,6.77
07/28/2020,7.01,56312510,6.9,7.05,6.9
07/29/2020,6.92,59437160,7.05,7.06,6.83
07/30/2020,6.74,58990990,6.74,6.83,6.67
07/31/2020,6.61,115394100,6.89,6.9,6.52
08/03/2020,6.69,53845890,6.65,6.72,6.53
08/04/2020,6.86,69377570,6.91,6.91,6.73
08/05/2020,6.96,82716370,6.86,7.0291,6.86
08/06/2020,6.93,48668520,6.93,7,6.89
08/07/2020,6.86,47480060,6.87,6.92,6.79
08/10/2020,7.09,57229040,6.91,7.13,6.905
08/11/2020,7.23,74016360,7.21,7.375,7.19
08/12/2020,7.11,59194130,7.33,7.37,7.06
08/13/2020,7.03,50066760,7.03,7.18,7
08/14/2020,7.04,43517660,6.97,7.11,6.93
08/17/2020,6.98,64555150,7.05,7.06,6.87
08/18/2020,6.89,40444200,6.98,7.01,6.885
08/19/2020,6.87,44158120,6.89,7.02,6.86
08/20/2020,6.84,41824520,6.77,6.89,6.73
08/21/2020,6.66,39158900,6.78,6.85,6.65
08/24/2020,6.98,64974710,6.73,7,6.69
08/25/2020,6.94,49549980,7.01,7.1,6.86
08/26/2020,6.82,48600100,6.94,6.97,6.77
08/27/2020,6.91,45740870,6.83,6.98,6.83
08/28/2020,6.94,39936920,6.93,6.95,6.86
08/31/2020,6.82,50089520,6.9,6.93,6.79
09/01/2020,6.83,48214180,6.77,6.87,6.72
09/02/2020,6.95,59008940,6.81,6.97,6.77
09/03/2020,6.82,78130880,6.92,7.09,6.76
09/04/2020,6.9,70017540,6.86,6.95,6.75
09/08/2020,7.03,84749280,6.83,7.17,6.81
09/09/2020,6.97,56501430,7.07,7.1,6.93
09/10/2020,6.91,69228600,6.99,7.035,6.87
09/11/2020,7,55080560,6.94,7,6.85
09/14/2020,7.12,58704320,7.01,7.18,6.98
09/15/2020,7.04,65198500,7.16,7.18,7
09/16/2020,7.02,46269820,7.05,7.12,6.99
09/17/2020,7.28,84850150,7.04,7.34,6.98
09/18/2020,7.23,71929400,7.31,7.4,7.22
09/21/2020,6.87,72850260,7.09,7.09,6.81
09/22/2020,6.78,55865540,6.89,6.99,6.77
09/23/2020,6.64,52588560,6.81,6.93,6.63
09/24/2020,6.66,59822910,6.6,6.76,6.41
09/25/2020,6.51,53761840,6.61,6.7064,6.5
09/28/2020,6.69,47582630,6.59,6.77,6.58
09/29/2020,6.6,39014260,6.69,6.695,6.54
09/30/2020,6.66,55944610,6.61,6.75,6.59
10/01/2020,6.75,58340610,6.71,6.77,6.63
10/02/2020,6.89,60798410,6.62,6.93,6.6
10/05/2020,7.02,42359410,6.95,7.05,6.945
10/06/2020,6.98,78203810,7.06,7.25,6.96
10/07/2020,7.23,50664140,7.11,7.25,7.06
10/08/2020,7.35,54513310,7.29,7.35,7.2
10/09/2020,7.25,50977880,7.36,7.44,7.23
10/12/2020,7.67,97692930,7.36,7.865,7.33
10/13/2020,7.76,74562570,7.82,7.88,7.63
10/14/2020,7.57,57808900,7.73,7.75,7.55
10/15/2020,7.62,49336160,7.42,7.62,7.37
10/16/2020,7.67,47509410,7.71,7.75,7.61
10/19/2020,7.59,38960740,7.68,7.72,7.57
10/20/2020,7.74,63447010,7.62,7.85,7.58
10/21/2020,7.85,51981070,7.77,7.88,7.73
10/22/2020,8.21,74008470,7.93,8.22,7.89
10/23/2020,8.16,62248980,8.3,8.35,8.09
10/26/2020,8.03,62130950,8.035,8.07,7.94
10/27/2020,7.92,64154480,8.01,8.09,7.9
10/28/2020,7.7,82938280,7.68,7.88,7.63
10/29/2020,7.9,118999900,8.17,8.24,7.85
10/30/2020,7.73,79392480,7.85,7.91,7.61
11/02/2020,7.71,59962910,7.83,7.86,7.68
11/03/2020,7.88,65108840,7.76,7.93,7.73
11/04/2020,7.64,67326840,7.86,7.87,7.63
11/05/2020,7.99,61442610,7.76,7.99,7.71
11/06/2020,7.79,50912120,8.01,8.02,7.75
11/09/2020,8.2,110511300,8.11,8.38,8.08
11/10/2020,8.38,87468360,8.23,8.59,8.18
11/11/2020,8.33,75644430,8.6,8.6,8.29
11/12/2020,8.21,82319820,8.26,8.29,8.1
11/13/2020,8.54,79534150,8.23,8.57,8.23
11/16/2020,8.8,84853860,8.74,8.85,8.61
11/17/2020,8.75,46754510,8.66,8.85,8.63
11/18/2020,8.82,77759270,8.82,9.05,8.78
11/19/2020,8.82,56672690,8.88,8.88,8.74
11/20/2020,8.74,57024270,8.81,8.82,8.68
11/23/2020,8.86,71537110,8.82,8.98,8.78
11/24/2020,9.45,99520480,9.15,9.5,9.14
11/25/2020,9.08,95217810,9.2,9.25,9
11/27/2020,9.09,27853850,9.12,9.14,9.03
11/30/2020,9.08,77970080,9.23,9.23,8.98
12/01/2020,9.24,68970330,9.16,9.4,9.16
12/02/2020,9.2,48344950,9.16,9.24,9.08
12/03/2020,9.21,50302060,9.26,9.32,9.15
12/04/2020,9.34,48775550,9.26,9.44,9.24
12/07/2020,9.22,58305190,9.31,9.33,9.15
12/08/2020,9.25,56296670,9.19,9.33,9.17
12/09/2020,9.45,60780320,9.31,9.49,9.29
12/10/2020,9.12,83372760,9.31,9.32,9.1
12/11/2020,9.02,73438230,9.19,9.19,9.01
12/14/2020,8.91,76826020,9.13,9.1752,8.88
12/15/2020,9.15,69665880,9.03,9.15,8.94
12/16/2020,9.04,55274530,9.17,9.18,8.97
12/17/2020,9.08,49301600,9.09,9.13,9
12/18/2020,8.95,78764620,9.09,9.09,8.91
12/21/2020,8.93,63908130,8.87,9.01,8.79
12/22/2020,8.79,59157730,8.98,8.99,8.75
12/23/2020,8.99,54086670,8.82,9.03,8.8
12/24/2020,8.86,27927000,9.01,9.02,8.8
12/28/2020,8.89,38068420,8.92,8.98,8.8607
12/29/2020,8.82,37537850,8.93,8.93,8.78
12/30/2020,8.86,38461900,8.83,8.92,8.81
12/31/2020,8.79,40176530,8.84,8.86,8.78
01/04/2021,8.52,85043080,8.81,8.84,8.43
01/05/2021,8.65,70127790,8.47,8.72,8.46
01/06/2021,8.84,72590210,8.79,8.94,8.68
01/07/2021,9.06,77117100,8.94,9.08,8.88
01/08/2021,9,59162170,9.1,9.14,8.89
01/11/2021,9.3,96129540,8.87,9.32,8.82
01/12/2021,9.78,124808500,9.3,9.82,9.2903
01/13/2021,9.78,89549250,9.91,9.92,9.64
01/14/2021,10.17,112695300,9.81,10.2,9.79
01/15/2021,9.83,99984950,10.04,10.05,9.82
01/19/2021,10.02,78732760,10.06,10.21,9.97
01/20/2021,10.86,125033200,10.23,10.87,10.19
01/21/2021,11.53,282761600,11.28,12.15,11.12
01/22/2021,11.52,130866600,11.66,11.69,11.34
01/25/2021,11.29,118954500,11.49,11.52,10.88
01/26/2021,11.19,66267460,11.31,11.53,11.12
01/27/2021,10.79,82863030,11.02,11.17,10.7
01/28/2021,10.72,77388660,10.84,11.05,10.71
01/29/2021,10.53,73925820,10.59,10.835,10.45
02/01/2021,10.83,157114400,10.65,11.44,10.36
02/02/2021,10.86,80440700,11.14,11.2,10.71
02/03/2021,11.2,82968550,10.92,11.36,10.84
02/04/2021,11.37,106845000,11.4,11.6192,11.17
02/05/2021,11.51,113402100,11.8,11.9,11.3
02/08/2021,11.56,75756690,11.52,11.58,11.31
02/09/2021,11.93,102250800,11.54,12.04,11.49
02/10/2021,11.76,76282460,12,12.02,11.53
02/11/2021,11.45,55762910,11.66,11.74,11.31
02/12/2021,11.45,44401190,11.42,11.62,11.37
02/16/2021,11.54,48392080,11.5,11.7,11.38
02/17/2021,11.48,49681000,11.61,11.61,11.37
02/18/2021,11.43,37777050,11.37,11.48,11.3
02/19/2021,11.58,48615550,11.52,11.59,11.46
02/22/2021,11.7,62183010,11.52,11.94,11.5
02/23/2021,11.62,72904530,11.59,11.65,11.13
02/24/2021,12.27,95152780,11.67,12.4,11.64
02/25/2021,11.76,75249410,12.22,12.4,11.72
02/26/2021,11.7,69614530,11.89,11.98,11.54
03/01/2021,11.98,43172810,11.87,12.08,11.78
03/02/2021,12.55,104789000,12.04,12.8,11.94
03/03/2021,12.17,80169700,12.61,12.61,12.14
03/04/2021,11.93,88339640,12.235,12.46,11.63
03/05/2021,12.27,79345700,12.06,12.29,11.67
03/08/2021,12.65,86129740,12.39,12.88,12.3
03/09/2021,12.57,61568660,12.76,12.76,12.375
03/10/2021,12.91,62111180,12.72,12.98,12.62
03/11/2021,12.81,56536460,12.94,13.0594,12.75
03/12/2021,13.37,87160080,12.78,13.43,12.77
03/15/2021,13.2,65229000,13.39,13.62,13.0501
03/16/2021,12.49,125425300,13.06,13.15,12.43
03/17/2021,12.69,109324400,12.34,12.7,12.22
03/18/2021,12.49,76733250,12.7,13.01,12.44
03/19/2021,12.83,90885160,12.85,12.95,12.55
03/22/2021,12.85,81362150,12.85,12.93,12.51
03/23/2021,12.21,73020160,12.57,12.68,12.12
03/24/2021,12.14,54534410,12.36,12.53,12.12
03/25/2021,12.32,54201830,11.94,12.35,11.72
03/26/2021,12.3,49239810,12.43,12.49,12.06
03/29/2021,12.15,44747930,12.2,12.36,12.065
03/30/2021,12.46,49762310,12.16,12.48,12.11
03/31/2021,12.25,60456890,12.46,12.54,12.21
04/01/2021,12.17,61907460,12.28,12.29,12.02
04/05/2021,12.7,82332730,12.39,12.78,12.33
04/06/2021,12.92,67499430,12.7,12.99,12.64
04/07/2021,12.73,42264040,12.87,12.93,12.66
04/08/2021,12.51,52621970,12.67,12.76,12.43
04/09/2021,12.51,40555410,12.49,12.62,12.39
04/12/2021,12.38,40422760,12.5,12.55,12.32
04/13/2021,12.2,51555970,12.39,12.445,12.1
04/14/2021,12.24,49877490,12.2,12.49,12.2
04/15/2021,12.24,38209310,12.3,12.32,12.125
04/16/2021,12.23,33132870,12.32,12.36,12.19
04/19/2021,12.11,39063480,12.22,12.25,12.02
04/20/2021,11.45,83170800,12.06,12.06,11.35
04/21/2021,11.73,49641130,11.36,11.74,11.18
04/22/2021,11.94,73064380,12.06,12.15,11.83
04/23/2021,12.22,51898950,11.97,12.24,11.87
04/26/2021,12.27,40863760,12.28,12.4414,12.23
04/27/2021,12.49,42037750,12.29,12.5,12.27
04/28/2021,12.43,68023420,12.6,12.6,12.385
04/29/2021,11.26,230430600,11.91,11.91,11.14
04/30/2021,11.54,90786460,11.36,11.54,11.33
05/03/2021,11.63,61987300,11.56,11.68,11.43
05/04/2021,11.41,71007690,11.53,11.55,11.23
05/05/2021,11.61,41381320,11.5,11.64,11.4
05/06/2021,11.74,50032820,11.55,11.76,11.48
05/07/2021,11.82,41525840,11.65,11.83,11.52
05/10/2021,11.71,51703510,11.78,11.93,11.7
05/11/2021,11.58,56882620,11.45,11.76,11.42
05/12/2021,11.33,55663090,11.54,11.68,11.28
05/13/2021,11.55,56598470,11.36,11.68,11.35
05/14/2021,11.84,48619220,11.65,11.87,11.62
05/17/2021,12.15,52068640,11.82,12.18,11.79
05/18/2021,12.14,72472890,12.29,12.53,12.13
05/19/2021,12.11,70220760,12.03,12.21,11.85
05/20/2021,12.49,106243900,12.52,12.69,12.3
05/21/2021,13.33,200958600,12.7,13.47,12.57
05/24/2021,13.06,111374300,13.38,13.38,12.92
05/25/2021,12.81,113383400,13.13,13.43,12.8
05/26/2021,13.9,227538700,13.16,13.95,13.1
05/27/2021,14.88,278939100,14.38,15.05,14.12
05/28/2021,14.53,152105300,15.01,15.05,14.41
06/01/2021,14.81,89070990,14.72,14.835,14.46
06/02/2021,14.91,77517190,14.9,15.02,14.68
06/03/2021,15.99,179671400,15.15,16.06,14.985
06/04/2021,15.97,151788000,16.33,16.455,15.795
06/07/2021,15.88,90915340,16.01,16.2,15.65
06/08/2021,15.63,93891090,15.76,15.8,15.33
06/09/2021,15.48,60079050,15.6,15.62,15.39
06/10/2021,15.11,78147470,15.59,15.78,15.08
06/11/2021,15.28,50613470,15.3,15.43,15.17
06/14/2021,14.87,82666040,15.23,15.3,14.815
06/15/2021,15,62612750,14.91,15.16,14.76
06/16/2021,15.02,69112880,15.1,15.29,14.88
06/17/2021,14.77,126653100,15.3,15.4,14.58
06/18/2021,14.52,76319720,14.54,14.765,14.44
06/21/2021,14.78,63384990,14.63,14.9,14.55
06/22/2021,14.91,65545910,15.02,15.11,14.815
06/23/2021,15.42,94985670,15.14,15.53,15.03
06/24/2021,15.26,79859800,15.54,15.55,15.15
06/25/2021,15.19,111760500,15.24,15.52,15.18
06/28/2021,14.96,79477430,15.2,15.21,14.83
06/29/2021,15.01,68208170,15.05,15.2,14.875
06/30/2021,14.86,72213530,14.95,15.11,14.81
07/01/2021,14.91,51112230,14.91,14.97,14.84
07/02/2021,14.93,43824910,14.96,15.04,14.83
07/06/2021,14.5,73990630,14.87,14.88,14.39
07/07/2021,14.23,72992470,14.41,14.46,14.02
07/08/2021,14.06,62706840,13.96,14.23,13.735
07/09/2021,14.48,65981220,14.445,14.575,14.27
07/12/2021,14.61,49205150,14.36,14.74,14.24
07/13/2021,14.42,45360600,14.5,14.625,14.295
07/14/2021,14.25,39056160,14.43,14.63,14.2
07/15/2021,14.01,44952310,14.15,14.3,13.94
07/16/2021,13.61,48065200,14.12,14.14,13.58
07/19/2021,13.28,99949230,13.25,13.32,12.7901
07/20/2021,13.91,70731780,13.37,13.96,13.28
07/21/2021,14.19,53817490,14.05,14.34,14.03
07/22/2021,13.91,40440120,14.08,14.14,13.78
07/23/2021,13.82,37927870,13.97,14.04,13.73
07/26/2021,14.03,43838040,13.9,14.0815,13.87
07/27/2021,13.79,41963240,13.93,13.955,13.65
07/28/2021,13.86,70653460,13.86,13.99,13.565
07/29/2021,14.39,111154800,14.51,14.79,14.3
07/30/2021,13.95,74955710,14.23,14.3,13.87
08/02/2021,13.91,64673720,14.02,14.33,13.88
08/03/2021,14.02,53257700,13.97,14.08,13.64
08/04/2021,13.32,81502700,13.85,13.93,13.3
08/05/2021,13.71,60524400,13.54,13.82,13.45
08/06/2021,13.8,44450640,13.82,13.91,13.73
08/09/2021,13.75,38760380,13.72,13.82,13.55
08/10/2021,13.82,32120830,13.77,13.91,13.66
08/11/2021,13.93,42795590,13.86,13.95,13.67
08/12/2021,13.9,38608650,13.92,14.05,13.79
08/13/2021,13.59,45118470,13.88,13.95,13.54
08/16/2021,13.46,38757780,13.5,13.56,13.32
08/17/2021,12.99,74625320,13.32,13.33,12.81
08/18/2021,13,50966740,12.95,13.21,12.9
08/19/2021,12.67,69038770,12.8,12.92,12.57
08/20/2021,12.57,53615580,12.61,12.67,12.38
08/23/2021,12.73,64573550,12.71,12.85,12.47
08/24/2021,13.08,53672500,12.81,13.14,12.76
08/25/2021,13.17,51195460,13.12,13.28,13.02
08/26/2021,12.9,57559820,13.11,13.13,12.81
08/27/2021,13.31,57587270,12.89,13.37,12.87
08/30/2021,13.05,42720090,13.35,13.37,13.03
08/31/2021,13.03,42212700,13.02,13.135,12.93
09/01/2021,13.11,58875690,13.03,13.22,12.9
09/02/2021,13.01,49322940,13.09,13.21,12.97
09/03/2021,12.89,41746600,12.99,13.05,12.87
09/07/2021,12.95,64008880,12.83,13.04,12.81
09/08/2021,13.03,57980880,12.97,13.22,12.91
09/09/2021,12.76,68806410,12.95,12.95,12.72
09/10/2021,12.68,48792470,12.84,12.93,12.66
09/13/2021,12.99,62270770,12.76,12.99,12.62
09/14/2021,12.86,47640810,12.93,13.06,12.79
09/15/2021,13.22,60282090,12.89,13.25,12.81
09/16/2021,13.4,76426060,13.18,13.53,13.1
09/17/2021,13.55,76337380,13.41,13.7,13.39
09/20/2021,12.82,126152200,13.07,13.19,12.63
09/21/2021,12.77,60473080,12.885,12.97,12.66
09/22/2021,13.23,75784040,12.92,13.39,12.905
09/23/2021,13.71,68708100,13.35,13.74,13.32
09/24/2021,13.78,57440220,13.66,13.94,13.64
09/27/2021,14.16,68769650,13.89,14.29,13.88
09/28/2021,14.31,107090900,14.63,14.73,14.23
09/29/2021,14.3,56805500,14.46,14.5,14.17
09/30/2021,14.16,78820540,14.26,14.32,14.09
10/01/2021,14.16,51880920,14.26,14.37,14.01
10/04/2021,14.35,78332500,14.27,14.79,14.22
10/05/2021,14.29,55915800,14.44,14.44,14.11
10/06/2021,14.12,61020280,14.14,14.34,13.89
10/07/2021,14.89,96557550,14.34,14.95,14.305
10/08/2021,15.12,99468890,14.92,15.49,14.85
10/11/2021,15.09,45302310,15.2,15.36,14.97
10/12/2021,15.64,89134010,15.11,15.68,15.01
10/13/2021,15.51,63363490,15.59,15.69,15.27
10/14/2021,15.45,50875110,15.62,15.62,15.37
10/15/2021,15.7,77211820,15.54,16.03,15.535
10/18/2021,15.56,48643810,15.57,15.65,15.485
10/19/2021,15.42,44668310,15.6,15.69,15.37
10/20/2021,16.04,105213700,15.43,16.16,15.37
10/21/2021,16.55,95854950,16.16,16.7,16.13
10/22/2021,16.28,60646750,16.42,16.54,16.23
10/25/2021,16,67808040,16.4,16.5,15.81
10/26/2021,15.94,64882300,16.09,16.22,15.7
10/27/2021,15.51,96094260,15.79,15.92,15.5
10/28/2021,16.86,215237600,16.86,17.58,16.71
10/29/2021,17.08,100560700,16.86,17.355,16.55
11/01/2021,17.95,125246500,17.5,17.97,17.07
11/02/2021,18.01,115146200,18.15,18.19,17.73
11/03/2021,18.63,104755500,17.92,18.83,17.88
11/04/2021,19.42,157505500,18.92,19.5,18.72
11/05/2021,19.29,122232200,19.71,19.72,18.99
11/08/2021,20.15,153490400,19.4,20.42,19.24
11/09/2021,20.12,164928500,20.505,20.51,19.41
11/10/2021,19.36,229109600,19.88,20.47,19.06
11/11/2021,19.55,96436460,19.64,19.84,19.2636
11/12/2021,19.5,77837880,19.38,19.62,19.2101
11/15/2021,19.86,84838610,19.46,19.95,19.14
11/16/2021,19.79,66557180,19.9,20.06,19.53
11/17/2021,19.96,80855160,19.74,20.01,19.44
11/18/2021,19.56,111368800,20.16,20.26,19.36
11/19/2021,19.39,64610380,19.64,19.6669,19.24
11/22/2021,20.48,137861700,19.39,20.79,19.305
11/23/2021,20.2,90984520,20.43,20.53,19.97
11/24/2021,20.25,77324310,19.97,20.34,19.78
11/26/2021,19.75,49434030,19.66,19.84,19.47
11/29/2021,19.67,68778690,20.07,20.19,19.49
11/30/2021,19.19,103238400,19.62,19.95,19.03
12/01/2021,19.58,125478300,19.63,20.47,19.53
12/02/2021,19.87,94142270,19.5,20.11,19.28
12/03/2021,19.14,120275200,20.37,20.4,18.93
12/06/2021,19.22,88147410,19.23,19.49,18.6148
12/07/2021,19.96,75885620,19.65,20.06,19.52
12/08/2021,19.81,63246830,20.18,20.19,19.75
12/09/2021,19.57,63357580,19.76,19.93,19.54
12/10/2021,21.45,169657200,19.77,21.49,19.7567
12/13/2021,20.43,126632300,21.24,21.3,20.13
12/14/2021,20.05,124559700,19.8,20.18,19.38
12/15/2021,20.19,79679720,19.99,20.33,19.55
12/16/2021,20.35,107020900,20.57,21.1,20.26
12/17/2021,19.77,98962930,20.03,20.24,19.6
12/20/2021,19.42,74565600,19.46,19.6199,19.05
12/21/2021,19.61,58930940,19.75,19.79,19.33
12/22/2021,20.14,75806410,19.64,20.34,19.64
12/23/2021,20.25,50610460,20.08,20.41,20
12/27/2021,20.8,59651800,20.26,20.89,20.1
12/28/2021,20.76,53020540,20.66,21.06,20.59
12/29/2021,20.56,37882980,20.71,20.77,20.45
12/30/2021,20.47,51470110,20.59,20.96,20.47
12/31/2021,20.77,51899610,20.46,21.01,20.46
01/03/2022,21.77,110964700,21.27,21.88,21.06
01/04/2022,24.31,311645200,22.52,24.5576,22.42
01/05/2022,23.66,253540000,24.06,24.95,23.47
01/06/2022,24.46,155058800,24.09,24.62,23.36
01/07/2022,24.44,127017500,24.67,24.91,24.04
01/10/2022,23.85,122800700,24.1,24.44,23.35
01/11/2022,24.35,106011600,23.78,24.35,23.28
01/12/2022,24.47,104050000,24.61,24.84,24.01
01/13/2022,25.02,185780500,24.64,25.87,24.37
01/14/2022,25.19,146012200,24.47,25.28,24.3
01/18/2022,24.38,110820100,24.87,25.13,24.3
01/19/2022,22.45,153198200,24.65,24.92,22.41
01/20/2022,21.65,152014100,21.88,22.88,21.57
01/21/2022,20.65,145532900,21.21,21.5,20.54
01/24/2022,20.39,186937300,19.93,20.47,18.8
01/25/2022,19.98,116775800,20,20.31,19.56
01/26/2022,19.91,135786400,21.01,21.04,19.57
01/27/2022,19.55,105674400,20.31,20.65,19.41
01/28/2022,19.54,87677100,19.32,19.55,18.9245
01/31/2022,20.3,91361950,19.58,20.33,19.3701
02/01/2022,20.66,117651800,20.61,20.85,19.92
02/02/2022,20.63,95377620,20.81,21.05,20.18
02/03/2022,19.89,103016000,20.17,20.62,19.87
02/04/2022,17.96,211100500,18.525,18.59,17.52
02/07/2022,17.89,84609970,17.73,18.12,17.7
02/08/2022,17.72,142694300,17.575,17.91,17.02
02/09/2022,18.35,87118590,18.27,18.43,18.03
02/10/2022,18.08,76195320,17.965,18.63,17.92
02/11/2022,17.55,94534090,18.1,18.36,17.42
02/14/2022,17.46,78625020,17.51,17.7299,17.29
02/15/2022,18.08,66043640,17.8,18.13,17.72
02/16/2022,18.01,57442110,17.885,18.21,17.74
02/17/2022,17.54,55368610,17.86,17.94,17.5
02/18/2022,18.04,106404200,17.6,18.48,17.57
02/22/2022,17.29,98550680,17.67,17.76,17.07
02/23/2022,16.95,79855390,17.5,17.73,16.88
02/24/2022,17.15,110443900,15.99,17.19,15.955
02/25/2022,17.83,78887950,17.25,17.9,17.12
02/28/2022,17.56,82367840,17.34,17.675,17.2101
03/01/2022,16.7,94819510,17.41,17.41,16.45
03/02/2022,18.1,138638200,17.5,18.249,17.295
03/03/2022,17.6,95395520,18.25,18.25,17.44
03/04/2022,16.85,91440120,17.35,17.39,16.64
03/07/2022,15.97,87999220,16.84,16.9,15.97
03/08/2022,16.03,101020300,16.06,16.72,15.77
03/09/2022,16.37,62846720,16.65,16.83,16.28
03/10/2022,16.33,72992640,16.11,16.405,15.76
03/11/2022,16.04,54985890,16.4,16.48,16.01
03/14/2022,15.74,66341700,16.085,16.23,15.51
03/15/2022,16.06,65263720,15.77,16.14,15.53
03/16/2022,16.58,82677640,16.47,16.6298,16.06
03/17/2022,16.58,58500240,16.23,16.58,16.16
03/18/2022,16.86,89144040,16.42,16.895,16.28
03/21/2022,16.48,72583600,16.87,17.1055,16.33
03/22/2022,17.09,77647140,16.72,17.305,16.7001
03/23/2022,16.68,63296760,16.82,17.05,16.565
03/24/2022,16.83,56314210,16.74,16.98,16.64
03/25/2022,16.47,62023080,16.74,16.78,16.34
03/28/2022,16.67,54634370,16.55,16.68,16.28
03/29/2022,17.75,90676870,17.01,17.8,17.01
03/30/2022,17.27,57853380,17.52,17.66,17.2
03/31/2022,16.91,52529390,17.2,17.35,16.5
04/01/2022,16.65,64695720,17.01,17.15,16.34
04/04/2022,16.66,51272020,16.66,16.73,16.36
04/05/2022,15.82,91708010,16.46,16.62,15.81
04/06/2022,15.39,102881600,15.6,15.7971,15.18
04/07/2022,14.96,101229100,15.07,15.205,14.56
04/08/2022,15.05,75085830,14.94,15.44,14.81
04/11/2022,15.28,66117100,14.89,15.77,14.89
04/12/2022,15.36,49138730,15.5,15.72,15.28
